Workbook

Sheet Sheet1
A1: ##var | B1: key | C1: level | D1: exp | E1: strength | F1: health_point | G1: hp_regenration
A2: ##type | B2: string | C2: int | D2: int | E2: float | F2: float | G2: float
A3: ## | B3: 索引键值 | C3: 等级 | D3: 升级经验 | E3: 力量值 | F3: 最大血量 | G3: 血量回复
B4: =parameters!$B$2 -> actor_hero_1 | C4: 1 | D4: 100 | E4: =parameters!$B$4+(Sheet1!C4-1)*parameters!$B$5 -> 25 | F4: =E4*parameters!$B$6 -> 550 | G4: =E4*parameters!$B$7 -> 2.5
B5: =parameters!$B$2 -> actor_hero_1 | C5: 2 | D5: =D4+C4*parameters!$B$3 -> 110 | E5: =parameters!$B$4+(Sheet1!C5-1)*parameters!$B$5 -> 28 | F5: =E5*parameters!$B$6 -> 616 | G5: =E5*parameters!$B$7 -> 2.8
B6: =parameters!$B$2 -> actor_hero_1 | C6: 3 | D6: =D5+C5*parameters!$B$3 -> 130 | E6: =parameters!$B$4+(Sheet1!C6-1)*parameters!$B$5 -> 31 | F6: =E6*parameters!$B$6 -> 682 | G6: =E6*parameters!$B$7 -> 3.1
B7: =parameters!$B$2 -> actor_hero_1 | C7: 4 | D7: =D6+C6*parameters!$B$3 -> 160 | E7: =parameters!$B$4+(Sheet1!C7-1)*parameters!$B$5 -> 34 | F7: =E7*parameters!$B$6 -> 748 | G7: =E7*parameters!$B$7 -> 3.4
B8: =parameters!$B$2 -> actor_hero_1 | C8: 5 | D8: =D7+C7*parameters!$B$3 -> 200 | E8: =parameters!$B$4+(Sheet1!C8-1)*parameters!$B$5 -> 37 | F8: =E8*parameters!$B$6 -> 814 | G8: =E8*parameters!$B$7 -> 3.7
B9: =parameters!$B$2 -> actor_hero_1 | C9: 6 | D9: =D8+C8*parameters!$B$3 -> 250 | E9: =parameters!$B$4+(Sheet1!C9-1)*parameters!$B$5 -> 40 | F9: =E9*parameters!$B$6 -> 880 | G9: =E9*parameters!$B$7 -> 4
B10: =parameters!$B$2 -> actor_hero_1 | C10: 7 | D10: =D9+C9*parameters!$B$3 -> 310 | E10: =parameters!$B$4+(Sheet1!C10-1)*parameters!$B$5 -> 43 | F10: =E10*parameters!$B$6 -> 946 | G10: =E10*parameters!$B$7 -> 4.3
B11: =parameters!$B$2 -> actor_hero_1 | C11: 8 | D11: =D10+C10*parameters!$B$3 -> 380 | E11: =parameters!$B$4+(Sheet1!C11-1)*parameters!$B$5 -> 46 | F11: =E11*parameters!$B$6 -> 1012 | G11: =E11*parameters!$B$7 -> 4.6
B12: =parameters!$B$2 -> actor_hero_1 | C12: 9 | D12: =D11+C11*parameters!$B$3 -> 460 | E12: =parameters!$B$4+(Sheet1!C12-1)*parameters!$B$5 -> 49 | F12: =E12*parameters!$B$6 -> 1078 | G12: =E12*parameters!$B$7 -> 4.9
B13: =parameters!$B$2 -> actor_hero_1 | C13: 10 | D13: =D12+C12*parameters!$B$3 -> 550 | E13: =parameters!$B$4+(Sheet1!C13-1)*parameters!$B$5 -> 52 | F13: =E13*parameters!$B$6 -> 1144 | G13: =E13*parameters!$B$7 -> 5.2
B14: =parameters!$B$2 -> actor_hero_1 | C14: 11 | D14: =D13+C13*parameters!$B$3 -> 650 | E14: =parameters!$B$4+(Sheet1!C14-1)*parameters!$B$5 -> 55 | F14: =E14*parameters!$B$6 -> 1210 | G14: =E14*parameters!$B$7 -> 5.5
B15: =parameters!$B$2 -> actor_hero_1 | C15: 12 | D15: =D14+C14*parameters!$B$3 -> 760 | E15: =parameters!$B$4+(Sheet1!C15-1)*parameters!$B$5 -> 58 | F15: =E15*parameters!$B$6 -> 1276 | G15: =E15*parameters!$B$7 -> 5.8
B16: =parameters!$B$2 -> actor_hero_1 | C16: 13 | D16: =D15+C15*parameters!$B$3 -> 880 | E16: =parameters!$B$4+(Sheet1!C16-1)*parameters!$B$5 -> 61 | F16: =E16*parameters!$B$6 -> 1342 | G16: =E16*parameters!$B$7 -> 6.1
... B33: =parameters!$B$2 -> actor_hero_1 | C33: 30 | D33: =D32+C32*parameters!$B$3 -> 4450 | E33: =parameters!$B$4+(Sheet1!C33-1)*parameters!$B$5 -> 112 | F33: =E33*parameters!$B$6 -> 2464 | G33: =E33*parameters!$B$7 -> 11.2

Sheet parameters
A1: 参数 | B1: 值
A2: HeroKey | B2: actor_hero_1
A3: 经验成长 | B3: =_xlfn.XLOOKUP($B$2,[1]Sheet1!$B:$B,[1]Sheet1!$J:$J) -> 10
A4: 基础力量 | B4: =_xlfn.XLOOKUP($B$2,[1]Sheet1!$B:$B,[1]Sheet1!$H:$H) -> 25
A5: 力量成长 | B5: =_xlfn.XLOOKUP($B$2,[1]Sheet1!$B:$B,[1]Sheet1!$I:$I) -> 3
A6: 力量血量 | B6: =[2]Sheet1!$E$4 -> 22
A7: 力量血量回复 | B7: =[2]Sheet1!$E$5 -> 0.1
